,x,y,z
0,-0.0739100762898159,-0.14470454033612748,0.5909266795831528
1,-3.991017957808131,0.04823777864190846,4.3124434175548085
2,-0.31764658459924155,-0.5556272721967588,0.2901668712301459
3,1.3622894582271998,0.1585022491752383,4.565007871860122
4,0.27077258795591747,-0.6924616744834373,1.366032438021572
5,-1.0820878833146825,-4.3956813661740695,4.215048113967284
6,0.27861080337021005,0.07576939507677694,1.4616464208936217
7,-0.6727615449059047,0.8881257306257193,0.9963222297237937
8,0.3054931623673828,-0.6532829251924247,1.8234097362145048
9,-0.043290486541547005,-1.272238352970278,3.7518267607146454
10,-1.8812394615687609,0.9558739743853971,4.470083880303374
11,-0.8896899408237886,-1.8505367706147973,4.450965833127079
12,-0.605760181035586,0.5068095489644513,4.491343207707284
13,0.759946870213979,-0.04575771012183458,-0.24384907154557334
14,-1.6921386470143316,-1.9754550337029384,5.2413798291909615
15,-1.3958961115628785,-1.3774614540299668,1.3015370324958906
16,0.5532342776676592,-0.8637251908669484,4.641003113203873
17,0.17380933403915433,-1.567882110323326,4.171796299120592
18,0.816730235080953,0.37405250181987953,-1.0854760722164212
19,-0.3572899154401951,0.1114754263535472,-0.33165538089902313
20,0.45957411412771576,0.5818814414630242,2.307942550624477
21,-0.9919955815162481,-1.1186692092191561,2.565832188930532
22,-1.9397119903163156,-1.3544475755932843,2.9913842280926857
23,-0.5372764444738993,-0.10719361877671249,0.28815005643219066
24,-0.25589355204531267,-0.3622273860190367,2.489057206990277
25,2.130516561879642,-0.39855127947470487,4.357495422019875
26,1.635989421059292,-0.058408122627665864,3.8004728325670163
27,-0.04966894863828985,-2.551817979979088,4.359787126390058
28,0.7075569906207873,0.1123329345952706,2.2035850853934122
29,0.26927919557281244,0.9950543216971699,4.492940056822774
30,-2.040950554667511,0.6347373666585262,4.079840035306751
31,1.976193520670692,0.26799567155830245,3.211786076381996
32,0.045033671820388185,1.6910825855888894,4.368140505788501
33,-0.9249969040241568,0.04098601146625234,3.200506009109989
34,0.7451872522691648,-0.9570248471465806,-0.04155928417710164
35,-0.267985550035621,-0.7546991713384804,-0.18970045700031385
36,0.401723852416905,0.212625688736363,0.5710487397000705
37,0.0849101143511823,0.03859367861431142,1.4617255556976623
38,0.3273849368561885,0.9338598332557182,3.522186328674381
39,-2.1089599556209504,1.7918463672085003,4.121794792154243
40,-0.10161388712341658,-1.1648359462509157,3.5074997679486475
41,-1.7947995001134334,1.241107963807137,3.691268718980699
42,-1.0664765864322119,0.6816528378746544,0.46132142016174194
43,0.884344922188624,0.09028919097626432,0.4204819764823258
44,0.12139628933280659,-0.2408943412080018,2.1615207281566775
45,-0.4465243274085157,0.5914914139236362,4.594237561134238
46,1.2059148261627892,-0.5536211459069076,1.6116653800736835
47,-0.9598340025887611,-0.6791905155656617,0.5890126830772358
48,0.979749563541086,-1.2145757670876518,3.984639606542019
49,1.394778231504548,0.9706426847374492,0.9019533190101567
50,0.800697719015077,-1.1757656701842036,3.3710328982913262
51,0.042972072173527116,0.519071752465413,0.8853489178217043
52,-2.2027309050915305,1.5582211562239876,3.463753157478739
53,-0.6041616103346387,0.7291549879002549,1.6984199994744338
54,-0.2512746561095485,-0.852003644762025,0.13082455316816324
55,0.21451072787998038,0.4897791375950233,4.314091208285033
56,-1.4818566994530495,0.14471930336237618,-0.2876595137208789
57,0.5954762778256595,1.1442575236541268,3.669554995259953
58,0.16101058194068418,-1.1194537366409372,2.0807483494521692
59,0.2188625915100643,-2.349085898395295,4.397608496495516
60,0.2763342131791117,-0.4931043691010714,4.274823588655399
61,-0.987433836998044,-2.289692547992558,4.8201604977215595
62,-1.4698070977355366,-0.053594201850329155,2.328575000558561
63,1.421495077335436,2.5749110722980064,4.279643649355423
64,-0.013010541027386167,1.801161003747384,1.5897848841847093
65,-2.2012739421861314,1.924292580521103,3.571487284439419
66,0.8281843539776174,-0.36876092423029955,0.15146153288978748
67,-1.1465556967796626,0.4983667614861372,2.5554414305695206
68,0.5950180408110858,0.3554313982211638,2.834412278909447
69,0.14101007233027488,-0.5809639462204766,1.8089371223445516
70,0.28321036581201803,0.14889428480657538,0.12698976870332507
71,-1.274950092667926,1.8272205062509805,4.802869941652859
72,-1.6602450914630382,-1.3876698972474049,4.658902446898353
73,0.6102177826425368,-2.481082698893884,4.088933211044997
74,-0.37775442830164496,3.0731557541878867,4.619625590600617
75,0.4715187276063432,-0.8990558123605236,4.332585690337028
76,0.7021333081150822,-0.7913359116847026,3.708938462076845
77,0.7301059576981798,-0.03211355986093922,3.690800550378124
78,0.3257525505239963,0.34803668706246166,1.7035854257255887
79,4.093219612063066,0.11569164621603327,3.5071759083721434
80,-1.2139631344283075,1.764799786064687,3.524446915914767
81,-0.6087489070822948,-1.0308211932061226,4.252836387639611
82,-0.14455746892660967,0.7334335959281748,-0.27516684064948654
83,1.3589381814388524,-1.4593559341323492,4.072417374305303
84,0.47656761100188977,-0.3810084885089994,4.359203412523772
85,1.8075180155372081,1.0877717811337708,4.872800641136312
86,0.2824283075479205,-0.008442202764505254,2.266925464850129
87,0.7306982941561809,-1.153087652430168,2.4409723655035505
88,0.16767249853876404,1.8857197123065408,2.6746691168150276
89,-1.4920632246903498,1.6054144595079518,4.619504128121204
90,2.585184999309976,-1.1243266592746124,1.471350710948765
91,-0.16711970463575726,-1.0609887022111992,5.342098970103214
92,-2.7170602855766206,0.20845524892073145,4.403101508245414
93,-2.2098598267817935,1.7688683902177988,2.7080690391267077
94,0.6789217091345788,0.6793770072839346,3.2748718674982857
95,0.9611202792094252,1.4352070289217542,3.7179201434139744
96,0.9118448895104728,1.2428781956804091,4.462227095651082
97,-0.0863968465376043,0.9732395546632455,1.3694227588406906
98,-0.13480181120061346,-0.32051348249075573,1.8238748442745725
99,0.5362845959329636,-0.29654311527217064,2.3818548922716096
100,-0.5603791804898212,-1.341175537574159,1.6080405689067798
101,0.5808336246421544,-0.04934478087877434,0.2910159826529149
102,0.41052069115634565,0.01897917319279375,4.33752682846713
103,-2.7016316778572196,-0.5447976003173978,4.36577918698557
104,1.5050556305964773,-0.29284737086729395,4.02456973404906
105,0.19858298039766598,0.38516359734056455,0.29983366334767764
106,0.662135659903278,0.048897933724275706,2.3489688290178785
107,1.2951697458515972,-0.17378459983777209,2.1486337598654135
108,1.5854462265763027,-0.34382750330583456,3.2268581667465748
109,-0.73965671046877,-0.5523075418135001,-0.3781603203030731
110,-0.3483196346178905,-0.1889890155839253,-0.367107065899448
111,0.9327636650514346,-0.32319376080562756,-0.32663569556101
112,-2.5894258248707205,-2.3947992201906834,4.428198624616833
113,-0.6814032981728559,-1.2043358920131146,4.451815316199254
114,-0.02594285856180846,-0.42700082383484733,2.3093924222551774
115,-0.4071769641509993,-1.3440515565072737,2.1602016381329765
116,2.3738224494188485,-2.169763145115585,3.661222553083996
117,0.10299224899200773,-1.7380065073784405,2.0778410767288733
118,0.03127891488095533,0.09444373524426464,1.0442006050061432
119,0.021511615630979402,3.3037119306085367,3.6024730867293715
120,1.394405177762164,-2.3960988466308977,3.261906586613474
121,0.3305574263414025,3.2018800097398814,4.782058991074153
122,0.8569450541730005,-0.31831727336178955,1.471406490109565
123,0.6647678087804325,0.26747503240553294,0.3965292046442806
124,0.19189934688162108,-1.1150093967887877,4.659294888211793
125,1.8350530368883164,2.971241571403062,3.5145149938482194
126,-2.495842815397257,1.0397106432682026,4.0285737622008515
127,4.834157937612472,0.09657424274137065,3.178612170387473
128,-1.5374990909354458,1.849957430297391,4.0550603286591445
129,1.4427635351133015,0.23212664911866798,4.206916727580257
130,-0.2758837471806178,-0.16453103330506014,2.5992829273836415
131,-1.2255591039025235,-4.201165185708847,4.874601225612994
132,-1.3945453622489445,-2.2703653947143647,2.819635941700276
133,0.15066843717513476,0.415035942643745,4.641149378935166
134,-2.068619336031663,-2.123424871727805,4.541972306153763
135,0.9589545805076883,-0.12256925799967774,3.0540270107270966
136,0.32738686570708025,0.3537213257770985,-0.03309494329635715
137,1.9887959987681672,-1.0871375570622899,2.1227454533168713
138,-0.7989837704562127,1.1097156124117662,3.098486240226225
139,0.6658327759687971,0.3364662780843901,3.2827010679809665
140,1.3774636900214707,1.76673538005077,4.156458418386411
141,-0.15130191574756327,1.4001305708764071,1.796727904458227
142,-0.029383371752754066,0.5162275866388397,-0.11431076114082375
143,-1.6356704490610368,1.3100675072720216,1.7106749933395529
144,-0.4304032447061775,-0.5877935211190024,1.1080783611942666
145,1.1849498746068559,-1.2122713414082456,1.9398701194210894
146,1.7836489204605488,0.10722794312121627,4.142531373922138
147,1.2881668535693798,0.8685323638786225,4.046593679571819
148,1.8412597382536087,-0.7544514980754488,4.266417246554175
149,1.8174961630636144,-1.422621570621073,4.3133350376322275
150,0.11550061352123207,-0.4347393169988823,3.420607587901134
151,-0.6685981837646217,-0.5118607129249435,2.144523469720691
152,0.3500389313263814,1.1464540666426326,0.37747748001612297
153,0.8174742195715621,-1.5056169398388417,3.9656740355347293
154,1.2547610233547934,0.5239408879425945,1.6193239259594285
155,-0.2543246110453172,0.031808341478884894,-0.8960264265803279
156,-0.8328907651112311,1.3496766659704067,1.4394154741732854
157,0.9282650901834066,1.2597788425256407,2.250497390730797
158,1.219199587569462,-0.10959814371230764,4.009882937980567
159,-2.1010014605933667,1.2295948875911114,3.869394239612357
160,0.10854395939450293,0.5641627302700871,2.100423428531292
161,0.5606397279146625,-0.3585671741548707,0.1605035073049208
162,2.3710185787476052,1.1157228561238643,4.511533044373875
163,-0.9508509890487934,-0.15996337057130236,-0.24181290474639458
164,0.3708603558562553,-0.3318931795550793,0.31986538324632474
165,-0.1779795595193809,-0.24104211119676558,-0.32073254735660783
166,0.47481731531582166,-0.5775784353515945,0.013908130160870598
167,0.38936738975747837,0.9815814617765487,4.371224703258451
168,0.41464977847257933,1.0495783033594461,1.5202678230335367
169,1.2240258544588496,-2.0123655594444347,3.367931112511763
170,-0.6246214523978728,-1.190321951360122,5.022408191642727
171,0.11738564872402363,0.2268420602417802,1.1400440240270286
172,2.253294186231407,-0.7725596788047617,3.5750425108304427
173,0.2532909306762508,0.06116719447266891,1.4082822666690271
174,1.9325088753525954,-1.3800232404855146,3.954281048318239
175,3.2498449914820515,-1.4889722105643908,4.319603582203472
176,0.2634143433058965,-0.21365436223950474,0.019183475779253376
177,0.29476435745601665,0.8640282542686959,-0.11641060334675471
178,-1.7892435877990986,-0.6259379564988535,4.38902495461839
179,0.004497309862069583,0.8438694503721628,-0.9691815463966386
180,2.2266407512843056,-1.899926831164214,4.544431802636552
181,-0.7128674029270439,-2.234627745992495,4.099423946542407
182,1.1758243255895338,-1.9727272917129919,5.0643980287054156
183,0.9799956913786708,-0.29930030638136335,0.01595183727503987
184,-0.27164279572833094,0.537030520358422,1.6937536839546425
185,-0.0957147527528241,-0.47279883213651225,0.2501734646035906
186,1.5005485683325763,-0.7318820924051184,3.366980233407195
187,1.2197777400110934,1.3967142697706847,0.839739786766436
188,0.5020348337638452,0.2359917001084753,4.790467576531904
189,0.07065720923056207,1.895952031321981,3.455222439212422
190,1.5978829075274172,-1.8977654804350483,4.28070651251483
191,0.12364532603552,-3.099860202929005,3.203856138565864
192,0.31741812030412236,-0.13624638253466084,3.6617150408267913
193,-0.6944218160809572,0.557379243142591,3.233964595780691
194,0.8849936067169661,-0.18280173109914696,-0.5572784245746802
195,-0.4399790178450231,4.0093774967210685,4.058453340446004
196,-0.9177447186069546,-1.3198883040467144,3.938682560201315
197,-2.8820673868160194,2.2806126898115537,4.746920119891865
198,0.40743964001677613,0.0996915747461998,2.552009868296709
199,0.4165213320801153,1.0216399044392208,1.6446819602448506
200,-0.2283015514914382,-0.8961956031198234,3.498329543372012
201,-2.54398569657546,0.9875334858388918,1.8986611124689248
202,-1.5964901210709495,-0.5132661471240215,1.5896958020502423
203,-0.9611496606458624,-2.081409270111066,4.224769961861679
204,-3.2364220843365366,1.2274896676018738,3.4601981185931128
205,0.0751198074265161,-1.9659075892584066,4.533027251486757
206,-2.231179279518313,-1.291536032638675,2.3819034457741175
207,0.8821656550299566,0.5441433287478694,4.640661392788761
208,-1.0237075839755978,1.3578263462521836,2.3487854226422233
209,0.40267753735253325,0.5878601268826946,0.06485910185583878
210,0.13553886163188517,-0.9195715929332087,2.0092665886911303
211,1.2653656349321696,0.5983977495619859,3.5235195048310466
212,0.14819985535979427,-0.20837780157476785,0.2532609499363116
213,2.6044096315892933,1.9840534414813578,4.2718701256923435
214,-0.21214987795128157,-0.3431073036132473,3.862665669154563
215,0.5480200625080558,-0.8009237143454389,4.584384715551607
216,-1.5286067472733076,-0.3803974456889027,3.945727006604732
217,1.3483013703503024,-0.5146998790977066,0.3998581499491705
218,0.39559350691822587,-1.1383061759704465,4.059235786065628
219,-1.218952197949113,-0.45739221012259634,4.443231261382872
220,-1.364616466817707,-1.2081438228261663,4.269567542892647
221,1.0573673850787288,-0.2861443628428118,2.4648470469680595
222,-0.009644185223170234,-1.8715734576274206,4.162250386135715
223,2.320949776955956,-0.35194959648938523,1.4885510442434478
224,0.14284753619890267,-0.07505553226582246,-0.41226964462214166
225,2.9315955869609596,-1.4962983978847226,3.7833734500268728
226,-0.35613146913703086,-0.27323491370307856,-0.2382944592907269
227,-0.3953840440653079,-0.92673698343155,2.080148964099944
228,1.1466277790790849,-1.7749563716908,4.873240823948417
229,0.01369329209968168,2.275772650676006,2.7255863727934293
230,1.0434620116117104,-0.2249983308560443,3.609888399062366
231,0.7124000098708146,0.5754012540709953,3.2034670531376115
232,2.9445676791838857,-1.5245981589019915,3.506265173036062
233,-0.16068139464993134,-0.016901413104533924,-0.08407740444117821
234,-0.2083860717246414,0.34739071717741754,3.8191947386295464
235,-0.15802216114258819,-0.40045228076481043,0.7418029770661295
236,1.9836442002971222,-3.247640124727072,2.6521840359759734
237,-0.02439415008290783,0.7863891394898326,0.4712075520127244
238,1.353046545899293,1.635005738239491,4.55077786414877
239,0.20449570743850481,0.45494010267987,2.1809585089125454
240,-2.7611498454430015,-1.0057664009948195,3.5348139803034546
241,-1.0508213015894956,-0.16696312415170253,4.589576314202132
242,-0.2991531707572589,-1.7045105105395693,1.9430948896559666
243,-0.1708860514991841,2.5925676089442726,1.8863743831238973
244,-0.6065409355138486,-2.6363459981789688,3.080760169077096
245,0.1224770936683805,0.011317283166059157,-0.20466096201700765
246,1.1909914602802407,0.8320414660276302,3.6846274748536207
247,-1.3000872169421414,-0.3627929523572419,4.119859390818786
248,-0.5944379783392125,-0.40988275486149744,4.89515736756396
249,0.12093450249406033,0.056016056334620014,1.6228004314857856
250,0.666667115380715,0.6318455105149307,0.3001326437256447
251,0.6085906741424942,-2.436432661194778,4.620407356103203
252,0.9369336207094667,-1.613650408688219,3.1594461154406925
253,-1.2503640447397248,-1.0650071972652542,1.6309884608509422
254,-0.5226539891124622,-0.38095693468258107,0.7258627935870994
255,0.7795138520880446,1.2813429090480597,3.095788075347418
256,0.15146689025435253,0.05804222342032822,3.6788094512056717
257,-0.690810725490442,0.3754139372891942,-0.6160586547843198
258,0.1137566901245115,0.6058578521671225,3.7344792498185977
259,-1.640150129112129,2.647784123303471,4.408266778496075
260,-0.7461213844044093,0.9454268432555185,2.4913422357220574
261,-1.9346811964580632,-0.10538233531659612,2.174043823795854
262,1.019542203956545,0.8029173757510073,3.996592274271001
263,-0.08752988476500118,0.016588039497049806,0.5860719053037479
264,0.19826930720170294,4.837487888009128,3.281097473979713
265,0.05229861881180229,-0.5769764845582137,0.03208056910302469
266,1.9801999945901614,5.5540550988793855,3.7820794372677606
267,-0.8725783698981056,-0.4112154213294003,-0.13441444506648856
268,1.6577696756092124,0.29480311139802995,1.8529645335680525
269,1.4590001582552299,1.147215615701481,2.3054257148247728
270,0.8444503701526255,-0.5215504467147372,2.006570732711746
271,1.0770362864609309,-0.16471890705968742,0.37718513256298836
272,-0.53211027935436,-0.05624016810568344,2.5042781472458344
273,0.9963521397358946,-0.00609781776632659,3.8127535495585714
274,1.3866587126357866,1.9175051410532318,3.931070163265834
275,0.09823008114085165,2.0859051015686765,3.2077562692078287
276,-2.737511995347209,-0.04608427466053898,4.1043531584142965
277,0.2023302166287577,-0.09126155882214895,0.19182947508802126
278,0.1429649670377254,0.9066078166824447,2.8446901515256275
279,-2.484367877703999,0.0986489672935623,3.5053093659971792
280,-1.5616108054982891,2.4564643174809557,2.9528162325229546
281,-1.3697087243619905,-0.39449604073084804,4.00090672656921
282,0.2106572322953588,-1.98730521694479,3.6318247374756814
283,2.1219552818367595,0.543829050160722,1.4750626724768041
284,1.824585499518668,0.3237864125127408,3.659512016059774
285,0.09338193889436122,-0.20741296121496416,0.1794687116424953
286,-0.08585639378032894,-0.09121556739231525,0.3573528441081787
287,-0.5120572544685532,0.4618042303498428,0.994804512103284
288,-0.5416688746283038,0.10301592023398931,3.6001717598399052
289,-1.3264656388253535,-2.1611326426243394,4.352720637576855
290,0.6280135964464145,0.5422878137391945,2.1263317532733095
291,0.8171803832629506,2.968704679423348,4.41327929257731
292,0.2161632618106943,-0.0240803629499924,3.854320529854744
293,-0.9495410646148362,-0.19342047780780702,4.128813660801317
294,-2.3639116455166618,0.3736488650653953,4.020605570014965
295,-0.18020204233518985,-0.20815781987993104,4.390861344015699
296,-0.660211980776846,-3.1452451893401543,3.7974882395384886
297,0.0883780342189859,-0.1669247202521715,0.17748237530187894
298,-1.2848645067828128,-0.896776728747606,2.5643902881814693
299,0.32518116225202426,0.39782869103879825,3.9560128553671343
300,-0.3046595177669733,-2.2205847202229334,1.9773939996434782
301,2.2943010977582134,0.5071521512313916,4.144370536086935
302,4.744544776157027,-1.2336229251713133,3.7912180380448017
303,0.4034758201122266,-0.5777838221719567,4.022599959316854
304,2.0424697553959383,-0.9638696569260591,3.5308962849263295
305,-2.5881378482603794,-1.5155488189725572,4.262063681367261
306,0.5675840686782768,0.330225644725577,1.843358535431247
307,0.7634099958532499,2.5342498564745997,4.5838049517103086
308,1.6226014563209945,0.056067949301480575,4.158654591318084
309,-0.701159623298429,-0.3944376676306496,0.4432987653689332
310,-1.3971342850915547,-1.082516664076114,4.18742768592447
311,-1.163780171881619,0.7022505409833436,2.5134463416774326
312,-0.20288609255404935,1.7158735631905482,5.00094126792497
313,0.5715438737219425,-0.9197996266886418,-0.6800501012275655
314,0.773257272202118,-0.8851202653379193,2.549426820240042
315,1.156865795986067,0.027763305608518196,2.107932685787182
316,-0.4481340920954289,-1.216001945876222,2.127255308740466
317,0.2751774590091186,-1.526048434990099,2.1933269688480594
318,-2.071086474353244,-1.5299908750883415,2.8686581473189237
319,0.25389728461901884,1.731110085285797,3.6182167940166403
320,0.8297347723716836,0.21707879111716302,2.425082977540681
321,0.4772747572070602,0.45852942408117,1.9086835384963328
322,-1.1185312595808032,1.412106093349283,2.1372346818518553
323,-2.526398489510947,-0.4743920278867296,4.250982814094918
324,0.3056252975365825,-0.8442125604288664,4.104808935807735
325,0.49204892077584667,-0.38401784869470756,2.669601422991376
326,-0.7733360809191527,0.3499346376536657,0.04827593828176741
327,-0.18131217281852657,0.3458780674830367,2.4586029492918784
328,1.1748420923429572,-0.21210602362325853,5.162665813117314
329,0.3011315452725675,0.14768454773806117,-0.033408087510220515
330,-0.8481277605971662,-0.757970023074113,1.9793752260808135
331,-1.3552757738816705,-1.8500375768736104,4.635214778161776
332,0.9737282163047478,0.4672897456401528,0.6979915240414795
333,-0.838748756963952,-1.817620084528958,1.6480388785635394
334,1.0740608334007153,0.1656645975294124,3.9398103335219856
335,-0.14745476371467342,-0.705342029410602,-0.30705452884143314
336,0.7370593239730893,1.4007899921651836,1.7473044075147486
337,0.5293351489862411,-0.6917657109980564,-0.26163462122760034
338,0.6439087704442084,-0.4022489371516967,0.12351474642887535
339,0.07969706796874503,0.36634597789021456,2.0618941892152827
340,-1.4632629759753388,3.450672031999883,3.794536919572529
341,-0.5710872972567408,-0.3961912020983996,2.5311450457767095
342,-0.1102713314524267,-0.2280829050695372,-0.466821280068791
343,-2.216603070617237,-2.246430613588974,3.9810937182761372
344,-0.2675981469063366,-0.6335401190648388,2.1392818651575998
345,-0.9727426047931574,-0.9119083756227226,2.9757758052718595
346,-1.220214559323664,1.587842002135852,4.079963256253845
347,-0.6856326365030222,-0.06933331323094453,-0.2803483362338976
348,-0.47908139306091657,-0.4848327836560027,0.9879156046575892
349,0.4638258449547676,-2.0288030361996157,4.308739749481705
350,-0.8924730067764166,-1.655143022488356,1.7326357270103547
351,0.3138830461088322,-0.210331514297034,0.47114201738829914
352,0.1900225292063037,-0.28586469408053133,-0.45200568899769883
353,-0.10023362277298117,1.9545545737170125,2.162983766648442
354,-1.1559962403794417,0.08126713264099128,1.3683925876911502
355,0.01687132680141916,-1.4293807598963444,2.825210717159476
356,1.1919510656962968,1.0954823109057519,1.6151466018213547
357,0.14812136886151162,0.30346297471009787,-0.11276485971619711
358,0.45674414835752214,0.558616679990094,1.5164755014461382
359,1.4351775882535982,-0.8057472650118707,4.085821572000467
360,-0.05365208904498678,-0.29928476530153586,2.7592819644693836
361,-3.1743191367310577,0.18914232277615756,4.664463292767922
362,-0.18709827895122,-0.8682054292830587,3.6400053658928337
363,-2.3768488562682446,1.7382610689742894,1.2205850950810477
364,-0.5773393842944322,-1.7338626112570432,3.502821580812396
365,-0.17434715329689893,-0.10123678741396495,-0.09422381226301726
366,0.3210192308305076,-1.094693270860082,1.9108968034597493
367,0.10939307484675931,1.1036160652304339,3.00150082880593
368,1.078582990381652,0.034603930362819856,2.0928464368645594
369,0.22157077410843917,-1.6553802066574506,1.9337401301636192
370,0.47459259434519785,-1.7305482635692293,4.516313656643321
371,0.36298247849378884,0.7436699585965271,2.0925364700574476
372,-0.04529481919117569,-0.6159872945923318,1.9098817011692706
373,-0.33228838394531973,-0.23707342077811627,1.8795359066773556
374,0.1649920243451307,0.4779144208213994,-0.7816754356469772
375,0.12950297283902515,-1.589711018886314,3.6591447161610167
376,-0.9782370233605714,-2.857603808805185,3.210335256809985
377,3.154911786454073,-0.7022408021818479,4.625359748326548
378,-0.7372163210496754,-0.43421635142733817,3.9506857034261746
379,0.7711005049681786,0.1342455305699765,3.8107161541190018
380,-0.0941993703883142,-0.7506429356507713,4.930134636210686
381,-1.4758594875397735,-1.2403823675867907,2.30202010258669
382,1.1381278231817717,-0.8744196954286919,1.6642912172617834
383,0.7330786680961034,0.6864491502243585,4.949231322729602
384,0.13617581236790646,-0.04796957125562697,0.864568573914456
385,2.0464882012557974,-1.533750844185445,4.2924629068291384
386,-1.6961546353235424,0.03897030822967053,2.6515126434453067
387,-0.22285342595644317,0.52453770013327,1.886011627345945
388,0.1002745801983,0.1801352221371241,-0.2461091400886551
389,0.5525515811761881,0.978560263508545,0.10227188280026023
390,-1.444671207344817,1.4489999444193307,2.4096571718894157
391,3.3790791524350507,-0.4755382419364481,4.140328722362324
392,0.4562125557874169,0.24478289044190815,2.425519327364068
393,0.6872114057201953,-0.3807926332133503,-0.48704949258281105
394,0.4053433600148432,0.13569395358192984,1.7279499862993435
395,-0.6600224822663918,3.5911699217337256,3.5069437003544737
396,0.4934142756175877,1.522631030494769,4.513953866060847
397,-1.3673093179322349,-0.14835113943107678,1.647733401885173
398,-0.641332367921478,-0.26699093236975563,3.5913233683598587
399,0.7421329314167984,0.7813070830390436,-0.2486414653155458
400,-2.5961097188775946,-1.0762294642766554,2.4129862876733505
401,-4.437280766706281,-0.300021082200024,4.512204518167412
402,0.8553988232968837,2.2981414341202466,1.3925086915302813
403,-0.582664206767848,0.599080696898431,1.4625639990868775
404,-0.4145182473627655,-3.665214100545775,4.310917870784941
405,-0.15807612487409034,-0.06292139388618254,0.39509907796728344
406,0.2380840402285368,0.5511810755461467,-0.7865985211865123
407,0.5015593712247998,-1.1439584969795185,2.6731101483583926
408,-0.8122156698405761,-0.25650113264443053,0.8395142152235087
409,1.8775942710772642,0.5877442015276788,3.6024185454874877
410,-0.8248383169632649,-0.44149865419840445,-0.35256628468694395
411,-1.7828741101629255,-2.6249881570990254,4.074722714998099
412,-1.250963436451836,0.14891622778910654,0.029375336773530332
413,1.367313367132122,-0.8179081574355442,1.8459651324466666
414,1.2281158240519594,-2.288952878155931,4.315436240199232
415,-1.1847260127159596,0.3907114731182422,0.3804132107593009
416,-1.5420027329343764,-1.6305152649007875,3.527279648539876
417,-1.5930856747211077,0.32272986242375123,3.6349120178699477
418,-1.7062742865588925,1.0112263449840353,4.089768113666239
419,0.5616996065374682,-0.2042470568021416,-0.3284080636214759
420,-2.1465467337329187,-0.41013501824374354,2.2474002137414235
421,-0.46256559489926946,0.7666318925935031,1.4431275346609063
422,-0.1413523755306978,0.6547687541680604,-0.17211618214617685
423,-0.31593991718692654,0.46292881787786816,-0.13136242526310962
424,1.5711542079474075,1.1772674793262334,4.059951495407264
425,-0.4197255322990169,0.3334868461644658,0.17763689418126175
426,0.41416769438315837,-0.020622871077632384,0.6283180327644519
427,1.675642655785986,-0.15915739756534963,2.080226003352075
428,3.95542395666713,-0.5705423900788543,4.532223786687878
429,-0.031340235979759636,0.5933938426742787,-1.1605541007878435
430,0.7649782340611831,0.8513422174885705,3.522688430648749
431,-0.09110855839959334,0.3407118067564831,0.12593297715545787
432,0.34243082088213395,-1.449658443627087,3.1772143964244153
433,2.510416941430486,0.013301344326129904,4.041291455899931
434,-0.40398351479691696,1.5017164399714342,2.745857604893881
435,-0.6102488888387863,-2.3790095278242855,3.6389962832681784
436,1.9716170086426197,3.798613263367447,3.8980774517395083
437,1.6893186219884315,-1.1073841089395218,2.782223310030085
438,-0.980882360742637,0.9776488971407008,4.861290340343106
439,0.3073627329484093,-0.6125000689554461,0.8141136650160277
440,-0.5239279074162028,1.2454487266648953,1.2908884909899732
441,-0.9716899226863175,2.2450488553539865,2.472319436083798
442,-1.1866621298563218,-1.5481248501319618,4.767291040469
443,0.8655306616483538,0.06875335944902061,3.0242725759548548
444,-1.2930581903820235,-1.3318371756800322,3.725989720319863
445,0.5905915780196087,-0.650625879827232,-0.0208297410568824
446,1.1231546138724233,-0.7460777730524036,1.675527920292443
447,0.6666767094694004,0.26787064273683475,1.8316374791722287
448,-2.1790289688374047,-1.8302922464591946,3.412759883967734
449,-1.6239242249293007,2.2183608323628126,1.4056243495373364
450,-0.16645790120606735,-2.9425999237269855,2.375472701365842
451,-0.4604645441897085,0.6368711070295298,2.278354042114325
452,0.5595028774760631,-0.9136699148411852,4.170538261511853
453,0.6735178258219753,0.5925737755567447,2.592999027985185
454,0.6599769181893784,0.7018368236050104,4.164268796997848
455,0.44909796304915395,-0.8584306218119868,-0.15192832441164275
456,2.360042206592961,-2.015692538349017,3.2169068337563504
457,2.2149170352527827,-0.8478371270421409,4.014938537475263
458,0.13184271392871505,-0.07138667149809463,0.018212789865430585
459,-1.2369243878075302,0.7353911574033952,2.995937580649576
460,-0.20249932246926303,-0.19079350162334557,-0.28651546611312445
461,0.9186057193948864,0.1775255764071461,4.2059466012003215
462,0.4075487693360873,-0.2448614543159924,3.3648974732683876
463,-0.07873014011544391,-0.7680439432093177,3.7694868938610435
464,0.15687313400656425,-1.8863381343651782,3.67180052821446
465,-0.7152850527963143,-0.21098989040332533,1.543618284841285
466,2.4191293669651928,-1.1450789847341998,3.8064495949988064
467,0.3547750674245907,-0.723667716338571,0.2857986784285499
468,-1.3211443251054638,-1.36869355015672,3.6483385487817053
469,-0.35878684484008494,0.4120224717349534,-0.6116856463238681
470,3.624381388668306,-0.9991464838124127,5.0718935405899295
471,1.9190333400800867,0.4067045101672818,3.7604731619454412
472,-0.7972132677389376,0.7686842513898374,-0.8445539096041015
473,0.6644706667829443,1.150539843387818,4.214260489263535
474,0.9455174669960476,2.0606877792971035,3.5207242974028756
475,0.2864726500975004,0.29205726023702805,3.713304881008794
476,-0.49271848881206887,-0.3289486465499514,1.9115614299368184
477,-0.30574364648971136,0.4622711344596519,0.3823727621408983
478,1.6465008133515067,0.5941489420158006,4.266480528773646
479,-0.2916636835374747,-0.7058363367223109,3.8089216543240725
480,-1.8829933084806874,-0.16119815494759424,3.4953007687012314
481,-1.6898815941014953,-0.5701804827392261,2.377607219996092
482,1.5548421143657354,-0.4587974906070299,4.629357637848859
483,0.09456325562277287,0.989105116208154,1.1698956261376625
484,2.082592577363051,-0.970599936075058,3.612886180164492
485,0.013203544568499133,-0.5646831426989294,-0.9936031886522513
486,0.2205628111144361,-0.5530217230764749,0.4572725875469953
487,-1.2685656194556816,-0.6737364981706878,0.6396057791955589
488,-0.26110698299288776,-0.7484449780261762,3.277634128924878
489,-0.31255500251348,-0.7064138230219319,2.1920573363458744
490,0.5199327579427061,0.5019754260420517,2.3136363347517266
491,-0.03242147644769788,0.48061665210450805,-0.5442691778332416
492,-1.1358510293469917,0.31685887335785057,0.10096518859536435
493,0.23901389787152183,-0.7888134252120788,2.086857197521707
494,1.0490485507504095,-0.8182492244135123,3.4525303919595745
495,0.18369249340215038,0.8797211988252356,2.2397256501582885
496,0.14048444560355428,0.6875980383865818,-0.6009288846128942
497,0.26501238585737175,-2.2614515681512035,4.451770664522733
498,0.2324094284419807,2.4776270320283666,3.8428942666004593
499,-1.1545481071318762,2.537453669956817,1.215173067180777
500,2.183015393845038,-1.1210595587880807,4.213251881424884
501,-0.990430876498176,-0.21731845206228845,0.24455433712247499
502,-0.3087683358929477,0.3866285406098947,0.1754539763200152
503,-1.9549890772648957,0.580206126364955,1.6540453314742996
504,-0.9314659591900079,2.1877580836714197,2.9484873325548255
505,0.37219650977409263,-1.4086235396636242,3.3569359776717
506,-1.2427118924870175,0.48315920655545014,2.853725938787912
507,1.1130776844278727,-0.7682318035086996,4.283447564354892
508,-0.006774816660449333,1.4351420015150076,2.695284770285886
509,-0.9360555537851805,0.7526717629414374,2.163611701474982
510,0.417369972572167,0.6324612332093028,2.6197196106047
511,0.5598496168197264,-0.27090248832203945,-0.5189581745421477
512,0.37666914358939546,-0.6121229112309025,-0.24752108945659274
513,-0.11740101209167926,0.48616912981500415,0.20579608957507056
514,-1.1972352935772468,-1.0379016639880962,3.732249676552153
515,-0.07039971714963175,-1.058084874259857,1.795065310023801
516,0.66445612171868,-0.0018044003883176346,1.3537800585110502
517,2.5502364265854673,-0.3884081801655763,4.693212723029207
518,0.37642769407841176,0.3645426625174298,-0.31495658510082386
519,-0.49659973084140585,2.2184029165086994,3.4653366819274263
520,-0.53561666740475,2.206346525050274,4.091282028186075
521,-0.17533805080983542,-0.19122201714351764,-0.44138449280879744
522,-2.1352855236864188,0.5116282683924215,3.9825328036863064
523,1.289743810660386,0.3935107704722169,5.163366500559945
524,-3.200412548889,0.18859519155095325,2.1895195279049493
525,0.26378768560951965,-0.29094541015540204,0.19447802645905354
526,-0.45661785640014413,0.24473120360012268,4.586753133316497
527,1.3278553740960015,-2.9077624631582926,4.635549886825228
528,1.7142666060522933,2.0473663170854515,4.2697181851357575
529,0.2437254003236411,0.4117153478494721,0.09329271864076218
530,-0.8821884441146799,0.88327317615563,3.811391397828341
531,0.3857969888284112,0.6821608815394057,2.584682342648612
532,-2.9966595137028285,1.6140993349871013,3.1718945976648767
533,-0.2919190973807302,0.4985939380601452,2.5133535768140036
534,2.4916193032015417,0.6027770822156195,4.6766159946250205
535,-1.3975571539178075,-0.36560394329977197,1.4613854367578463
536,2.689349292810783,-0.4170520212028425,1.376874639594357
537,-0.006380823474053828,0.17036943394820434,1.9175607499280904
538,-0.722588079273323,1.9749418112968153,3.43683259074683
539,-0.29616311002213425,-0.9867836976150562,1.9867201374626526
540,-1.4042804601791636,-0.5101250739442726,3.621689404646457
541,0.19826095673180072,0.27031738727084603,0.06607136271568194
542,-1.3159144136428953,0.009011515180915235,-0.2087100989431271
543,-0.9903065627167289,-1.9501943714330119,4.620115800305215
544,0.19413759295706254,-0.1009086073473633,0.7639987338847909
545,0.24466468196539745,-0.18192631054495859,2.761788146347701
546,-0.11626182979215648,0.37263482702712486,-0.6336791304898817
547,0.12930185811903672,-1.9830804069518893,2.269937775144406
548,1.3893369280628032,-1.0499958031219556,4.2036942242407545
549,-0.7054199097359886,-0.29243033439195576,1.7566179005736247
550,-0.7235606832576822,-0.3417629802830375,1.915199668983073
551,0.7136821746257875,0.6912550775565387,2.0906097502218683
552,1.267188790461775,2.181129257633862,3.5685618820782965
553,0.41425624844305386,-1.1194711451705985,-0.5484048626385025
554,-1.465251545498041,-0.2052531249325646,3.7475111250047557
555,1.8968316595812054,-1.250312337707326,4.379355698170717
556,0.686624895913596,-0.5784765971585482,0.6147083555582222
557,0.1517741698553729,0.33545001250235423,4.39163668796813
558,0.3190421805284019,-1.5629529319302078,3.5956072886426473
559,-1.0303626243574022,-1.0141693199376418,2.1017725706768826
560,-2.6816960712365474,-2.450218698878077,4.666913395600455
561,-0.5227327562231824,3.108004863329316,4.135088186884297
562,-1.3067409759429542,1.0471466084418715,3.319687834208644
563,0.34386144202978774,1.2394132831655476,3.88889903696613
564,-0.044863187587231394,1.5654001470924592,3.4811351142503817
565,1.935107253608345,-0.8637962328054284,3.767086753987124
566,-2.1201095779373498,1.6423770534264885,4.634115929379682
567,-0.7984463170780344,0.03843512164541533,0.031975875067208885
568,-0.8976900538291732,-4.434358814894454,4.495024094870794
569,0.4046450997203431,-2.1078597313206084,2.051735486911533
570,-0.9249264295002548,-0.6154845191670033,4.3665318682430305
571,0.360749270019085,-3.2054695759649645,4.032009109264251
572,-0.8032412287264679,0.2102940601539696,1.9376768070598542
573,0.06981865289168152,-0.3339693664092662,-0.040378621766882034
574,-1.8609443267523764,2.414885354567595,2.430881149835972
575,1.3188383702389912,-0.9494516831392157,4.549211586851182
576,-0.6030948361238788,1.125619559545667,3.8714012682567707
577,-0.33458040750455753,0.2230403440539675,-0.1524916917429827
578,0.43462824595931593,3.1470443624309565,4.241952347442303
579,0.31096204536882915,0.7901503761981792,3.682221281972743
580,0.1898288174366482,0.056371830315593355,1.8967589691734847
581,-1.5529019310198753,1.4224626627448855,4.580830677566363
582,-0.04709240624018698,3.2665690331533717,3.664873920625875
583,-1.1120334958368518,-0.4123856770196412,3.993162563789669
584,-1.3736571725003681,-0.750601624933043,1.686851459230533
585,0.1796485886918855,0.01009202755141996,-0.35512257587904517
586,1.07230756432745,-0.36450739945850724,1.7682256148446165
587,-0.7876852578445909,-0.8530253998329239,0.08139930979860487
588,-0.3491219000659503,-1.6454862194710944,3.8766844066796247
589,-0.5610266238849303,1.8043751511330395,4.610748891318948
590,1.1272032552642606,0.24933480393048282,1.5164425192277013
591,0.14871077748687422,0.1082645037270542,0.46920759820134167
592,2.4250652722242965,-0.3732375080219803,1.1886072293813945
593,1.208986054614751,0.28398632979631944,0.11349521274813576
594,2.034001531544914,-0.14142773573099307,2.96567865280246
595,-1.1948987123476278,0.09008627761001389,3.789697867295824
596,-0.013496928674487138,1.7265573817477875,1.6451324354775112
597,0.9830107107080788,-0.49080254873531537,4.066165419581689
598,0.7265153971149233,-0.9185516447002551,1.8868202337573077
599,0.22047753029383008,0.6910231034777347,4.459258504470236
600,0.1938431422108182,1.9271294693608692,2.7698666279458832
601,0.42436796243234437,-0.13050830006330605,-0.8219729267010626
602,-0.7694195463473956,-1.8907455647739486,5.2402616446465435
603,-0.7564377236552934,-0.8987859074446557,2.358900482235049
604,0.022189788240445422,0.9066126346197223,5.212425715697951
605,0.9529063049464294,-0.45036699814218123,1.8130008662260733
606,1.4643342458470954,-1.3767861669724073,2.8713920025157798
607,0.43105988680684865,1.1911248402494976,4.272163049591098
608,0.08756157560736622,-0.3516472990221666,-1.036231734457924
609,-0.9297625642513552,-0.634487979229757,1.4953037971765224
610,-0.5143267676398449,0.15958911626039116,0.18520296314271092
611,-0.18739763252683792,-0.012919383289115323,-0.07638837481611285
612,-0.2587317234735027,-0.023795041950254527,-0.34013797018732334
613,-0.13163075260899385,-1.1493126028018172,1.7531604709896764
614,-1.041766897363033,0.5285536176282337,4.173267670632423
615,0.4445145109678212,1.177611010666887,0.4492011461740628
616,-1.3277084417475729,0.3000703435174653,2.573854675526449
617,0.3604176774268898,-2.8288582274217555,3.874127504302585
618,0.024437004335011895,0.0636129524035487,-0.226245518272338
619,-0.44585568309215684,-0.1907255206414329,-0.40567707502017547
620,-0.4397351929353987,1.344389444095863,3.691634911578555
621,0.7553767102611172,2.3297440975842645,3.503451509010255
622,0.4898541805582649,-0.7982067690907719,1.1953199569499637
623,-1.112520197062115,0.42246698940304767,2.097875964966391
624,0.16629060892786104,1.18353984464401,2.0683237159481624
625,-0.872460989333903,1.1359510476307217,2.1693946952135907
626,0.2000596467797876,0.45673298335611456,1.28777970383045
627,0.002606791069423925,0.7164156500027432,-0.5852028053882982
628,0.07820891319669612,-1.2973028231835861,1.7067553543671634
629,1.489768282089517,-0.12806219944689543,3.586911407747409
630,-0.34076872583626716,2.9117715199133376,2.93399541501281
631,-0.668290512253161,0.24325673763285457,-0.340455302722954
632,0.6374508405409056,0.8977597614383934,4.384156101432593
633,-4.776313797731832,-1.6046164069932343,3.7574498346797256
634,-0.5933092521291297,-0.25016893689098935,0.7461051588363519
635,-0.7369117060056134,-0.8104481830344825,1.8441857867774063
636,0.7158577330430782,-0.08050356167589391,0.8129097278617061
637,-1.180554446151562,-2.5683645461156095,1.9086502495550335
638,0.6959407985798228,-0.30384637675953635,0.573693428365153
639,-1.318464614946323,0.3738803246855839,3.496393157993031
640,-0.9671257242589102,-0.03722376487121778,1.1866418593248007
641,0.2603588770107182,0.2211795843548989,0.0687262612373077
642,0.05102310418902208,-0.8888372474880493,1.7864538720916934
643,0.26094210300495396,-0.5587402586553233,2.2585061824505197
644,0.3607563106767595,0.10911633561372126,2.1086181076157566
645,0.5007441401300557,-0.8723398408330814,4.010520298167425
646,-1.2288477568340928,-0.7935303789486174,4.591456864442138
647,-0.24541974603982988,0.3380529771235355,0.44012805619307055
648,2.6183751485288353,0.8601595843249351,3.065651136940256
649,-1.0215848443346653,-0.8023051805570256,0.7970826974301704
650,-0.30156233851392533,0.644141129321117,3.9479850258243854
651,0.34977205776105164,0.649711815534903,-0.09203775376704992
652,-0.9769111160248517,-2.1489254920119634,4.154731163504114
653,0.5948027010410935,-0.05170975588902618,2.1992408291633003
654,-1.0523438243617953,-1.082874023438305,4.548572943282905
655,1.5400134217463837,-0.648911233623942,3.592710586433191
656,-0.7020909575777408,1.9685766433451544,2.133340792727942
657,1.049053099421456,0.5891274258147589,2.6614761190440053
658,2.165970602394956,0.42542137898424676,3.070539183377731
659,1.32509671971135,-1.0897349717224338,1.1982148200168095
660,-1.7293000951302737,0.26691988337330524,4.6647562703631955
661,-3.0489312811283256,0.5907723513115053,4.033918276163673
662,1.9340760405696484,1.0955613141976772,1.4395118582690336
663,0.49796931648018383,-0.3353133740633148,-0.8574459828610012
664,-0.22829874928790658,1.287832783515296,3.8154222537356257
665,0.4165146611189369,-0.3989842884610792,-0.0007874037248060953
666,-0.5487687191174317,0.6663697757987145,4.782800403903426
667,-1.3215590725901372,0.1359785256024274,1.4033538552463796
668,-0.4090488469868344,1.835008590512108,4.268040321325837
669,1.1567441865522192,0.4759060523662565,2.076679765836678
670,0.10146679245372048,1.971691513658945,0.6670644587838186
671,-3.0370933287035315,0.2819403200735887,4.036862065550415
672,-1.306077631780625,0.8531165211386095,1.7374558235055222
673,0.6311191252980564,0.17381419140948934,-0.06978722866541923
674,-0.6758267982474273,2.156704894598234,3.966587756879123
675,1.9961939294339512,-2.0740879813663917,2.681602592971705
676,-1.0275707836550498,2.8712019133974174,4.019129613907312
677,-0.15548881829210504,-0.8003765798019553,1.0956253405295968
678,0.4391424065499014,0.3277539203828605,-0.7868202612795046
679,0.8536837637760704,-2.161925211449649,3.877980149709156
680,0.21422358156557728,-1.1733305555129825,1.4842951350812932
681,0.49719036955961826,0.47297210976791076,-0.9230375263981667
682,0.17104327460700763,-1.3752722938322952,3.329566556360849
683,2.2267405402908715,-0.9400420509412457,4.254381033901396
684,-0.6103638187675035,0.11673908428869681,-0.004713709529874589
685,-0.0923342522696103,0.36413346045929007,-0.3775238296341924
686,1.079622266323213,-0.7020493016722772,3.360074509927218
687,-1.0302366130277896,-0.5088454274683037,1.138613174700297
688,1.9976754802445573,0.737368940769691,4.018439889363235
689,0.025805191240947576,0.5142460234243221,-0.19539014043768888
690,0.5132670022879305,-0.1670279508665627,4.005205528167329
691,-3.2391860325784054,0.31817656822929263,3.7996280228207526
692,0.7943500447802491,1.939690461961153,4.555709289759644
693,-0.40397267086534167,-0.2901299066924613,-0.2527413856837716
694,1.0142731485594334,0.08587599314916819,1.364001239927624
695,-1.4329393440655245,-0.2882568260347621,2.060275378242647
696,-0.9226303104670485,-3.3853961473066496,4.243486158867934
697,-0.3861688925183797,0.1600834995614248,0.7345251196313741
698,0.4648787302672496,0.9981846068817866,-0.38685956353852774
699,0.8098123170964777,-1.5458879399093581,4.121766017216907
700,0.3873867597564579,0.9718174364947815,0.014906554997853268
701,-2.0193233825703136,0.08175661730655158,4.375072954057206
702,0.24125726481950066,-0.07377758238240914,0.4439185315746342
703,0.9318294418390429,-0.6797728825389385,1.3144577182579193
704,0.06543302841179358,0.39758987676293733,0.2776947740035826
705,0.3959709621043442,-0.8658607000063031,0.5901894434404706
706,0.06870834546303643,1.2076535670178745,1.1261998707304763
707,0.3170388568244263,3.0061029062827958,4.002934176156458
708,1.772341585262111,-2.825750492646428,4.368962318530701
709,1.4095983179172107,0.1377875607361878,4.276579225994092
710,-1.2559477871488043,0.19995760764346981,2.424209465152778
711,-1.9676781075825658,-0.20215185896440085,3.0673346758448155
712,-0.9060406738827524,0.645064885932826,0.3629099143652947
713,0.23768228560985352,-0.13213146857173552,3.7733962134224526
714,-1.8808705742711822,-1.0855854804017298,2.235142385046873
715,-0.35850735752093615,0.9292365916483041,4.349076208104741
716,0.4163370295502042,0.5686932777624347,3.1111976699101778
717,0.49191235103515146,-0.33767213382021877,0.35051257114392864
718,-1.0304198749196867,-0.35926323397206084,3.7039920092366203
719,0.03260617290229171,0.456180983288615,2.3813766242320096
720,2.184724145695357,1.9807252706906981,3.9926023760728953
721,-0.01820210935471576,0.568923429894696,3.087669352214222
722,-0.26818730143764435,-0.12125554578010019,0.0944021219567094
723,-0.2900530811079584,0.6251688507862239,3.0444778447591605
724,0.10466896895446003,-2.2173018957855577,3.8482017561406168
725,1.2936019320021708,-0.7798046846636801,1.6718129603781002
726,-0.46162927776997603,-1.2285513672191426,4.217058430606887
727,-1.038603745863162,0.25430773299825626,1.8676646898201106
728,-1.7071013891338593,0.5789219134806406,1.8836657875806242
729,1.0505882558748414,-0.2301947196495414,3.9223174192400974
730,-0.1306035354242239,-2.3053444162963754,3.9357690874907276
731,0.46115175070293657,0.01649311861458954,-0.44086557397153403
732,1.6339325641475788,-2.4640263125353776,3.6799249017806037
733,0.37753134560306784,-0.2554980334850637,1.794227292601461
734,-0.40250914007120214,-0.7994206175490304,-0.8565020595102907
735,-2.45696918705335,0.7496977190385856,3.6220491228371037
736,1.81636636697988,-0.29313838562596867,3.496538522546856
737,-0.561178349753548,-2.2262036487397405,4.148492373108284
738,-0.3103043374990933,0.11157462713364691,1.0286112498609825
739,-0.9133821243574579,0.3920979051738062,1.6292548153279993
740,-0.16960185406317269,-0.5347140001351902,2.887746449814057
741,1.9543985081805517,-1.6786535133284441,2.2906415756556715
742,-0.5209966516202412,-0.5462200117677792,1.7385893922221645
743,0.2407294073243206,0.3992160646644607,-0.3961994770116232
744,1.8562286761897118,1.5509446257347879,2.1817011793259202
745,-0.2938387611235746,0.6316415907955183,2.768561988014857
746,0.30152862029564714,-0.32708512027681347,2.1130124946257527
747,-1.24542824085951,-1.4406825164172048,3.4912225754882646
748,-0.9945698013890758,1.8812098186437514,4.8107300266900355
749,-1.695420651257664,-0.21896798560316402,3.50703563767806
750,-1.7204606456040008,-1.7098244548970647,4.71445260913408
751,0.9552396338456356,-0.43320811577708235,2.8892189503037016
752,0.2070821917709721,-0.7179297011284754,1.6551295192449151
753,-1.1233143455568038,-0.8003530209887173,4.0014928424117375
754,-0.04080286251851635,0.5864771478561709,-0.3321804083975424
755,0.7099856695822158,2.230025349907655,3.6898033738494074
756,-1.2316557783106228,1.0639686461052598,3.6099944917881484
757,0.6172243119672461,0.10506881585917455,0.2490105585898169
758,-0.07784804574229408,-0.23234812202637667,1.5664698192437423
759,2.07542657833844,0.048799653385563246,4.095271226308234
760,-1.5133367765500598,-0.9736291524003905,2.1551138078921372
761,-1.2811525252075304,2.055905065686782,1.8677416649786567
762,-0.09324931573067018,1.1227579860107524,3.2597115020043512
763,0.028795628505592082,0.30727599872942196,-0.1601072509954242
764,-1.3670430428220848,1.8363336916378414,3.142544944567429
765,0.7119708344164575,-0.9275470221884407,2.326264389196921
766,-0.10170727246587093,-1.3482929353022235,1.8095310554621558
767,-0.9787188164476404,-1.5826876597790696,3.3430427993702385
768,-0.3141265093679766,3.433239536733461,4.52339577245923
769,2.2341467824665964,-2.697882482012878,3.7496114000638783
770,-0.06698779210325738,-0.12416491625744673,-0.2001670357252645
771,2.9991278395498036,0.3295235572162996,3.5113021994302147
772,0.9954914920176067,-0.8995058032657376,2.1892570790479935
773,0.45281293228717673,-1.527825265657699,5.191454197405648
774,-0.16567470898839146,0.1489246681503467,0.11496685954698334
775,-0.9202991628719711,1.392499677911231,1.952946653661544
776,0.02039344108137896,-0.3875388721714309,0.6878247664151149
777,-0.17281283644121487,-0.6318407394129916,1.9998903579261187
778,-1.2250878008445403,0.24773561397020838,0.3970624144642491
779,-1.0439356522064478,-0.4695451539922778,-0.41892752175019604
780,0.680288671961668,-1.0559582309306226,4.0096574130467895
781,0.9604279261977277,-0.21803908212701206,2.108264887807623
782,0.3098821982405274,1.241084967362334,4.167186509005946
783,0.49910202080247595,-1.3188974027007796,1.4282243699288881
784,0.2615553236431528,0.23728608738550444,0.08637348649913171
785,0.9066851802118571,0.46694576554978384,1.3769829849436546
786,0.4423829650960942,0.08968071538561072,0.12507186944765314
787,-0.20456738063993607,-0.35019541536732113,2.7726162305168547
788,-0.5610476441533341,0.8157076787334457,-0.06561072516074555
789,-0.780076907490324,-0.721798432784563,3.7254143204628605
790,-3.4295749922104073,0.515025255655399,4.52248410383832
791,0.4031663241718393,1.5503042643160665,1.8770989475739182
792,-0.925428827167246,-1.2057260942559946,3.6014606260529445
793,-0.3579732527096034,0.09951879687334496,2.3042196463675575
794,-0.784562758640771,-0.28117878041939515,3.9926798677023148
795,0.8396748077887073,0.23365220942582104,2.664345516475519
796,-0.6509449453388707,1.383076528959143,2.823432778068855
797,0.875954334177009,-0.6263378510709673,-0.5384765423993998
798,-1.3061737012668153,-0.03277935766905366,1.4761591842735702
799,-1.6003150327436817,0.23522402761868683,3.878508547382247
800,0.3439434957936784,-2.9988515966599105,5.121766290382306
801,0.7539009308320591,0.3232210685891656,0.1406417066077669
802,1.9386263081141657,-2.36565694637934,4.547961405567177
803,-0.16976012611194025,1.742341264699004,3.1502027648896265
804,0.20814697925254624,3.881626843486174,3.6917046926453496
805,-0.12375723124458558,-0.3144196456855695,1.3291388725980975
806,1.1459918117766714,-0.9037738338830771,3.762955339067856
807,1.3605218591202017,0.2994107404504256,5.008061591342389
808,-0.5154791904130647,-0.6037093256656546,2.100187042687705
809,0.47679427504168376,0.21498435952742237,1.3562904542403622
810,-2.6676308187002773,0.9260258111768511,4.323791585296917
811,0.07983002502601362,-0.3166693558638906,1.6127454838923558
812,0.16592899832854227,2.3384271356423336,1.6209424585323027
813,0.5376243726655127,-0.612944731751341,4.455548501632862
814,0.3901906095747486,2.4812478446639505,4.042028127867449
815,-0.6676571758823202,-0.1857619097369155,-0.285925213684852
816,-2.1411854995422486,-1.3035466778465805,5.30791008578659
817,-0.6186206212953157,0.32390816189169086,1.8291986201861603
818,1.5249365800216617,-0.2216061826927845,4.843177564473709
819,-0.07926625888907637,0.8185063409410488,3.671194834080837
820,0.14581263170832579,-0.8917505857659811,3.653183574188718
821,-0.6802746043295423,-1.6736645145214002,3.5083990162853143
822,0.9058877838418626,0.08359614990286043,4.487165154934138
823,-0.06983203652522452,0.016371223512940423,4.178967106150498
824,-1.411136365520204,-0.22375608785027895,4.1408846019
825,-0.37594053764415764,-0.7700790022515996,1.8862360543719439
826,1.4214803887810763,-1.950935070017877,4.1418441857473045
827,2.090258843813888,-0.8483141357589703,4.512409427059972
828,1.8122277419475372,0.049294570671338175,0.40441197946388324
829,0.9022716624003078,2.148113254277673,4.106696073613924
830,1.143477338511999,1.1004656004162998,1.4947016797255572
831,-1.537592350620106,0.7087800301865002,2.6074869114522814
832,-0.9727860585784739,0.22085328779825986,3.930950769651563
833,-0.27665881211134596,-0.5248448256683734,5.1083611942222955
834,0.6009220567998295,-0.6387345820597516,4.35387270841032
835,0.6323435937868754,-0.21688317904983676,0.9374551773085595
836,0.47986632421381553,3.6423673175243585,2.4855224138163723
837,-0.3605728059919433,0.767188170598955,4.170181212879365
838,0.2032671358983241,0.4629063933749002,1.8126583873525934
839,0.10700991050093678,0.5827021449884674,0.08643252915135459
840,-0.9406781886019174,1.7484394202333335,3.436653943985316
841,2.4840532622410048,0.1272003600172277,4.3380103136286685
842,0.04578176502362748,-0.21219986111813843,0.3875103907790439
843,3.3736599896666952,-3.1764576434635385,3.5522144057291167
844,-0.8301733524565836,-1.059102449335228,3.673564694111701
845,1.5876180939688673,3.5806759016602423,2.6348649962142963
846,-2.974845087258902,-1.9127529648616608,2.0034563971126946
847,0.6755291465812423,0.42343773763491105,2.3409883945040795
848,1.67627941985435,-0.7599768583962625,1.537825856708718
849,-0.6232117349976497,0.2043871164134497,2.380570311347167
850,0.6943247581310653,0.615739548112471,2.2930875916487015
851,0.5777580939313318,-0.4401796379756789,0.07787219711125846
852,-0.17390686347690298,0.8065776432924243,2.4925526210324405
853,0.4007044049498366,0.39003643872149335,4.101843060677404
854,-2.489949183852736,0.7995374609620273,3.90017904470116
855,0.18114293556823408,-0.6492992668516102,4.779641850386347
856,-0.3265224753485885,0.1334116161402245,4.134699561873921
857,-0.2634327773562601,-2.364644321749831,3.8814435863948087
858,0.19336554516407634,0.170537919210341,-0.9942248392888539
859,-0.522873633806773,0.11985673788079114,1.9007628435514647
860,2.4548016774236157,2.8469172945583425,4.010903548390488
861,-0.7604545248281036,-0.43935025545756473,4.555003767167139
862,2.023685413139782,-1.5775898207164565,3.993543110463011
863,0.12043863093113595,1.0046580593640468,2.4164128925347512
864,-2.397080974104474,0.6204930696073219,4.583373666933297
865,-0.7637930975156495,-0.01943248873994454,3.5564642903712618
866,-0.5687109894770748,1.8592219386315216,3.7055087380470604
867,-0.7063403463720708,-2.05334915973461,3.9911966974799773
868,0.390492559028457,-0.6577281924304029,4.38612448394188
869,0.23167770933289134,-0.2460604177908141,-0.2618928995473405
870,-0.9645757014058193,0.7519081655862893,0.27948207786766294
871,-0.044326467302048284,-0.350657665943109,0.3378467690458789
872,-1.2947497514736914,0.6561142155358877,4.1026652354548165
873,3.0843851740653654,-0.8796060356682035,3.722466196051181
874,-0.05984222065356625,0.36550153044260913,0.2592493081362008
875,-0.49513566932911585,-0.4864425468701265,0.241689777157193
876,-0.08575052315008526,0.16477032208770157,-0.3285287043145811
877,-0.22611122385491014,-3.894396126889239,4.300878349756646
878,0.41808795586062397,-0.5452106156696226,3.1773045248967335
879,-0.1759747516565153,0.22844356259482876,2.3157552543250524
880,0.25284818533909514,0.6245907261731579,2.1251542990134857
881,-0.32990499256360784,1.3449098946012716,1.8783258959371179
882,1.21418411920701,1.3080694439609863,4.253520241201584
883,-0.6521185752915315,0.029782566364552322,1.0318789553717358
884,1.1552501507893584,0.5135967635552936,2.306916963665035
885,-0.8911387649836078,0.16062523980560967,-0.6998986727285182
886,2.729198420856067,-1.8152549224507522,3.3970189599445586
887,-0.6907729790762233,-0.35015009519516654,-0.7341202000712527
888,2.698493248915775,2.744934699681586,3.412885941638199
889,0.12896269237145935,2.059493271225056,4.246936019652463
890,-0.3677204990650198,0.5745193733211683,1.2213623244933318
891,-0.06262653079167627,0.2706011151153588,2.5882141526460725
892,-2.01331100280627,-0.03582779224217168,4.0122263431399725
893,0.6134816113102999,-1.372041905624321,4.217222710446844
894,-0.15930775420774146,1.0922445315034959,3.904175082632135
895,-0.18870814026034916,-0.5647580030821057,1.4284341635063351
896,-1.4579280152758747,-2.2563666035239907,4.305170746254923
897,1.9700725497658635,-1.461165488683694,4.3389420755109125
898,-0.032067814665811545,-0.48988303332837413,-0.36568025369569934
899,0.2665156135303304,-0.8015829791594793,0.1184953020305097
900,-0.6420545551639292,0.22890237772068217,4.392318867168798
901,-0.7671682014208373,0.015756956101917997,3.834621879616896
902,-0.07190361898765961,-1.8152958415626779,1.9887446571069876
903,0.8291669669985274,1.7603318386144045,4.4793168888602475
904,0.7679992539573591,-0.4014096635239903,-0.1923880325189373
905,1.4948245185359073,1.0004260513363343,2.1034360655756106
906,0.5204031768539814,1.4914014043166057,4.0726539287556625
907,0.5296912929632658,0.8518856561120631,3.5947932379117677
908,-3.193824235857536,1.426136160464612,4.5612367292528715
909,0.8557434517665968,-2.3163135450923877,3.550960731116594
910,-0.4207469139600718,0.4102281497799787,-0.09384512563584237
911,0.5478468907646673,-5.84277213177984,4.172367292190624
912,0.28887913670983395,-0.6801796242037099,3.3553745187538118
913,-1.1967979824048474,-0.4264011099911202,3.6083976285637074
914,0.39223168564188904,-3.2148997394496397,3.2510510613378294
915,-0.9260807789715941,-0.062007929990172156,0.19597619067236133
916,-0.024326623320187816,-0.6716315872459749,-0.93653152113466
917,-1.132244030579689,-0.8955006082148641,2.9720345003010022
918,-0.49479191554876084,0.14911823615292644,-0.1569866110011273
919,0.2963418880812819,-0.5436822151146687,-0.13421541150560962
920,0.7183457918913839,0.8529454605587636,4.771572098230576
921,1.0453762405796552,0.35371988730862297,2.381123975980905
922,0.3869327889052886,-1.7804350293495779,4.616094769300444
923,-3.9783329589641108,-0.8248993901504927,4.15237969315674
924,-1.0933960133416902,-0.4832163270011467,3.505147857866337
925,1.8502617845413778,-0.9717370191276211,4.442748738523326
926,0.34836855301943825,-0.15076192476932312,2.321070476533579
927,0.39754991719590704,0.12047011686890242,-0.601198471810114
928,0.15328642113849916,0.03155885290998204,-0.1788797693512296
929,0.9889949767637495,-0.7774113922063868,2.179804924207294
930,-2.303642652188367,1.8130772400586106,4.541524400155567
931,-0.9078705453370964,-0.7133368301448487,2.860449966412006
932,-0.5397450857183462,-0.23381003237940587,1.5322298595811468
933,0.1322635550988642,1.041169808033242,-0.43557157245353517
934,-0.3794387349324812,-0.9318202317068949,1.73772913951134
935,-1.336729454461657,-0.8851072897426856,3.65293845825803
936,-0.2995034823757025,-1.008476217648977,2.356064954631269
937,0.9322166763989945,0.8038057754645437,0.268808586169
938,-0.34975405761937034,-0.09203473384790138,1.387962431838968
939,-0.2252557482173817,0.20347794604246697,3.6440186596880197
940,-0.15801611707267038,0.04755540386435573,4.093032076338464
941,-0.8869592331536088,-3.5779825129235037,4.74304523286586
942,1.7171646241793117,0.6626382166113668,1.834887785919007
943,-0.28688628077660916,-1.1642671730550336,1.0302184079234222
944,-0.7354235058450371,0.06309343603851278,4.260025203928259
945,-0.2753052522102164,-0.9224700068323339,-0.35422117995568
946,-0.1468347621882091,0.687201919928783,3.176340694904057
947,0.505581234198719,-0.8343157950390783,4.430351248379269
948,0.8368543492015473,-1.096996334454148,2.167859012671296
949,-0.32055740038985353,-0.8313802091405778,0.6091559588106997
950,-1.0455481711304424,-1.7287466443903068,1.2913539482391982
951,0.8342166381723165,0.21747774214238397,0.06248140145024926
952,-0.5241480027873529,-0.8753249350736847,3.0361966957801076
953,3.4255327317675786,-1.4381149577093661,3.8717612039348714
954,0.3724890205698583,-3.275857722684053,4.748830556141293
955,1.3093271367353605,-0.31672928768531117,3.8675859181905756
956,0.3664744715816775,-1.80637673422137,2.7775539627635433
957,-0.7541612402255661,-0.10816053290728517,2.9095344382287776
958,0.849584734318397,1.213458905045509,1.7009735469312592
959,-0.9333479581389627,-1.5112671586500934,3.5492168880630306
960,-0.5615605578253614,-1.016099999981176,0.07788613870756717
961,-1.5438980618124356,-1.5926779750124413,3.4357890733635146
962,0.5024802197841807,-1.2345945445263926,1.8759409628400519
963,-1.9184934463896688,-0.06837532468461685,4.061702358710846
964,-0.34561418279855416,-0.7300949870639961,2.20626116571228
965,0.4496902638741612,0.537821537662262,1.2834546001226923
966,-0.31912684218177323,-1.0463879887963687,1.1465990802753478
967,0.10466920301827437,-0.08033588994257118,3.7240104672927603
968,1.4950732361473167,1.4236383122141842,4.425355017154066
969,0.7909879750948504,1.0459204425166508,2.471456583198293
970,2.3679443237384747,-0.5924199135990545,4.314004649901404
971,1.428543358969684,1.481101715383494,5.051236714533423
972,-0.4476549040452802,-1.1454602922038526,3.219052433800802
973,0.7148130036017808,0.2718079845398318,1.6298085690396806
974,-0.30792192661894613,-0.5741274645131076,4.651680663689036
975,-2.3743263745469543,-0.24892604115315517,4.064612441969656
976,-1.4204416097187762,0.5182085404158616,0.11763775077145353
977,-0.35531270509003243,-4.445220464682364,4.289895314306374
978,-0.9481725937034675,-1.805262880225629,4.426401420918107
979,-0.7756339400867863,0.5181099990856609,4.411037937937557
980,-0.07624532904259013,1.8209232781929863,1.199091790958284
981,0.6084021386581613,0.12138584442217526,-0.1751824489327742
982,-0.8380930042438652,-3.5555291484662823,4.257950539513098
983,0.21220886773772138,-0.7234158050840416,4.066529272750683
984,0.5627206343782872,0.4564446957122632,1.406526416207143
985,0.3384564640618628,0.4200640374268143,1.646173020244517
986,3.3034064046332867,-1.17242495477899,1.9595856872088102
987,0.46496967770377307,-0.11148503850057424,-0.27324032957300226
988,-0.09975981732377306,0.7319715965872685,2.202524446932488
989,0.5628927218744761,-0.1984064254327137,3.498456520657098
990,0.21732252657647502,0.23173248241844138,3.477996781758659
991,-0.9357635297292057,0.1979160135512871,3.1759241964930256
992,-0.18772254226078514,-1.2347264790999577,1.9247384605272237
993,-0.4549734962995918,2.0933215075060403,4.994600086475293
994,0.957408150595959,0.18813682952184457,4.111677486982925
995,-0.9797389440489919,-0.11262950015033427,3.990647289456918
996,0.6565233305730518,0.8553291501232322,-0.14988754821109168
997,0.1282988272521272,2.8763626161444225,3.6469737501718593
998,0.21807500248512193,-2.3175249745681534,3.541578307799536
999,-0.9809550925242659,0.20509390776157765,0.5664418386187678
1000,0.3990914357853451,-0.7978929220662236,-0.11355964286044345
1001,-2.069285231738815,-1.231736567031088,4.112167029696694
1002,-0.39612407249589204,0.4963040565301525,3.4934344155353854
1003,-0.6420632975797789,2.2131252141648545,2.1298865703381815
1004,0.4279556846757915,0.275184313888137,-0.809550529179844
1005,-0.37361161491844314,0.6383801768906158,1.9185029364297193
1006,0.7083763919081373,1.1219824851387614,4.211700362605116
1007,2.651231984402193,0.7447610416800483,1.9455985432443277
1008,-0.4252931268599427,1.1899125617879502,4.5209478871964714
1009,0.9836665431758197,-0.944989366581122,3.694327618528463
1010,-0.5759619526703346,-3.32415205387339,3.840698257390885
1011,0.8002546082830099,-0.28259219878831954,0.6972015824390883
1012,0.42124940060819555,-0.4888508133823936,0.6960618955984732
1013,3.1833609750729193,-2.198650291294561,4.307652603121167
1014,-2.187872883640721,0.2610990756846793,4.551022625785162
1015,-1.2972269905313596,-0.13122100263897787,-0.2038379338499447
1016,-1.098028153261705,-2.9090870203985526,1.5817547893766473
1017,-0.5941914111384419,2.2015503525011466,3.4147438059538913
1018,-0.2425511426438309,-0.8074348961282097,2.849445569050159
1019,1.1068438628174597,-0.40556223196953917,1.7086549907186457
1020,1.9399107643568065,-0.029250836016173103,4.088226627425029
1021,0.3022358583112314,0.62784391065223,0.5098208633964499
1022,-1.2020890065944603,0.46244812488602205,4.5751705419603494
1023,1.2581866985098094,1.1490375180430703,4.269114778078324
1024,-1.6208578178719675,-0.7770125913989637,4.067248169458398
1025,-1.546659792583482,1.772016921750438,1.315161302328739
1026,-2.3101413290035966,0.2704827751118403,4.22806619393329
1027,0.8786617754872734,-0.30346286214312884,2.0741240261249807
1028,-1.020162805716761,-1.8908694414664857,3.9801156123954757
1029,0.05475154075457986,-0.6148252812747115,4.134313599335933
1030,-1.334756445655369,0.6676545952683631,1.9965300049885923
1031,-0.7995509280608329,-0.07940467390234783,1.6414217541340488
1032,1.8351851966527106,-0.9668749364183044,3.724860209461468
1033,-0.12316974367593281,0.1700153841210306,4.285870411801234
1034,-0.20221167446258517,-0.07225723584724283,2.5326763662310188
1035,-1.3065299401058927,0.5194280417081781,1.5720182028893883
1036,-0.5875910525798058,-0.14190246813304158,-1.2602005052298522
1037,-1.797272828163271,-1.3579779411452295,4.424970187738276
1038,-1.3415167823401801,-2.588665505452241,3.4355452668731745
1039,1.2723490466043952,0.9801120378281875,3.391477882839776
1040,0.13544928180365554,1.541494488009349,4.170403751782859
1041,-0.22873725152343533,-0.962248632207905,0.19066246082941812
1042,1.8905049341831381,1.2544897581082028,4.9633515793745495
1043,0.8752593684077707,0.6816268141180931,4.013368920543793
1044,0.9041182654705372,0.553150116055252,1.8200585217206224
1045,0.03921034180998596,0.14368102361387863,-0.3248425347487338
1046,0.5542141058389898,-0.49000091583068534,2.237235718320085
1047,-1.0406083212244732,-2.1519189795329203,3.139575047739197
1048,0.08058564587832905,0.5721752277922725,2.070953809906107
1049,-1.7110381521741533,1.9656271697592955,3.820662624792494
1050,1.3195571358615197,-1.0959471425070355,3.6854386101063694
1051,-0.5724052804625428,1.0389367692738871,-0.11657459170268489
1052,0.057524014108610085,-1.617456661567673,4.434115696407561
1053,3.1252618954788387,0.9941476698035249,3.7281252478812243
1054,-0.6183001496228514,-0.10500490811455983,-0.13525822586059907
1055,0.7012773788859846,2.0153267103210872,4.363391947238318
1056,-1.1321976790739616,1.8631747355868786,1.9713034163192547
1057,0.44996398887160216,0.7393789344916257,1.5251635633624607
1058,-0.6135807533382308,1.1966017669337523,4.103396291884962
1059,-0.058861757213544655,0.3224970779787072,0.417660052115822
1060,0.6576848224296054,-0.48166079560304936,-0.06852059365776479
1061,0.07054153288461093,-0.194621927092549,0.3330164294870106
1062,0.42498777523947584,-0.1973922456461257,0.6410731265853368
